	Geocoder	Unnamed: 1	Unnamed: 2	Unnamed: 3	Unnamed: 4	Unnamed: 5	Unnamed: 6	Unnamed: 7	Unnamed: 8
0	webmapper system								
1	Webmapper code	Webmapper numeric code	ccode	code parent	country	country name	ctr	start year	end year
2	geacron/1	1				Aceh		1520	1539
3	geacron/2	2				Aceh		1540	1619
4	geacron/3	3				Aceh		1620	1639
5	geacron/4	4				Aceh		1640	1679
6	geacron/5	5				Aceh		1680	1879
7	geacron/6	6				Adal		1500	1539
8	geacron/7	7				Adal		1540	1559
9	geacron/8	8		871		Aden		1520	1539
10	geacron/9	9		1102		Aden		1840	1899
11	geacron/10	10				Afghan		1720	1739
12	geacron/11	11				Afghanistan		1760	1819
13	geacron/12	12				Afghanistan		1820	1879
14	geacron/13	13				Afghanistan		1880	1899
15	geacron/14	14				Afghanistan		1900	1945
16	geacron/15	15		871		Africa		1520	1599
17	geacron/16	16		1011		Africa		1600	1659
18	geacron/17	17		1101		Africa		1660	1899
19	geacron/18	18		390		Africa		1900	1919
20	geacron/19	19		1102		Africa		1900	1945
21	geacron/20	20		747		Africa		1940	1945
22	geacron/21	21				Ahmadnagar		1500	1579
23	geacron/22	22				Ahmadnagar		1580	1619
24	geacron/23	23				Ahmadnagar		1620	1639
25	geacron/24	24				Ak Koyunlu		1500	1519
26	geacron/25	25				Albania		1920	1945
27	geacron/26	26		505		Albania		1940	1945
28	geacron/27	27		374		Algeria		1840	1859
29	geacron/28	28		375		Algeria		1860	1899
30	geacron/29	29		375		Algeria		1900	1919
31	geacron/30	30		376		Algeria		1920	1945
32	geacron/31	31				Alodia		1500	1519
33	geacron/32	32		1010		America		1540	1559
34	geacron/33	33		1010		America		1560	1579
35	geacron/34	34		1010		America		1580	1599
36	geacron/35	35		1011		America		1600	1619
37	geacron/36	36		1011		America		1620	1639
38	geacron/37	37		1098		America		1640	1659
39	geacron/38	38		1011		America		1640	1699
40	geacron/39	39		1098		America		1660	1679
41	geacron/40	40		1098		America		1680	1699
42	geacron/41	41		1098		America		1700	1719
43	geacron/42	42		1012		America		1700	1719
44	geacron/43	43		369		America		1700	1719
45	geacron/44	44		370		America		1720	1739
46	geacron/45	45		1013		America		1720	1739
47	geacron/46	46		1099		America		1720	1779
48	geacron/47	47		1014		America		1740	1759
49	geacron/48	48		371		America		1740	1759
50	geacron/49	49		1014		America		1760	1779
51	geacron/50	50		371		America		1760	1779
52	geacron/51	51		1014		America		1780	1799
53	geacron/52	52		1099		America		1780	1799
54	geacron/53	53		1017		America		1800	1819
55	geacron/54	54		1102		America		1800	1879
56	geacron/55	55		1018		America		1820	1839
57	geacron/56	56		1102		America		1880	1945
58	geacron/57	57		237		America		1880	1945
59	geacron/58	58				Andorra		1620	1945
60	geacron/59	59		871		Angola		1580	1659
61	geacron/60	60		1011		Angola		1600	1659
62	geacron/61	61		873		Angola		1660	1679
63	geacron/62	62		876		Angola		1680	1899
64	geacron/63	63		876		Angola		1900	1945
65	geacron/64	64		1098		Antigua		1640	1679
66	geacron/65	65		1103		Antigua		1680	1680
67	geacron/66	66		1010		Argentina		1540	1559
68	geacron/67	67				Argentina		1820	1839
69	geacron/68	68				Argentina		1840	1879
70	geacron/69	69				Argentina		1880	1899
71	geacron/70	70				Argentina		1900	1945
72	geacron/71	71				Armenia		1920	1945
73	geacron/72	72		722		Aruba		1640	1680
74	geacron/73	73				Ashanti		1720	1739
75	geacron/74	74				Ashanti		1740	1759
76	geacron/75	75				Ashanti		1760	1839
77	geacron/76	76				Ashanti		1840	1879
78	geacron/77	77				Ashanti		1880	1899
79	geacron/78	78				Asir		1920	1945
80	geacron/79	79				Assam		1500	1839
81	geacron/80	80				Astrakhan		1520	1559
82	geacron/81	81		1100		Australia		1800	1839
83	geacron/82	82		1102		Australia		1840	7305
84	geacron/83	83				Australia		1920	1945
85	geacron/84	84				Austria		1500	1539
86	geacron/85	85				Austria		1540	1659
87	geacron/86	86				Austria		1660	1699
88	geacron/87	87				Austria		1700	1719
89	geacron/88	88				Austria		1720	1739
90	geacron/89	89				Austria		1740	1759
91	geacron/90	90				Austria		1760	1779
92	geacron/91	91				Austria		1780	1799
93	geacron/92	92				Austria		1800	1819
94	geacron/93	93				Austria		1820	1859
95	geacron/94	94				Austria		1860	1879
96	geacron/95	95				Austria		1880	7305
97	geacron/96	96				Austria		1920	1945
98	geacron/97	97				Ava		1500	1539
99	geacron/98	98				Ayutthaya		1500	1619
100	geacron/99	99				Ayutthaya		1620	1779
101	geacron/100	100				Azerbaijan		1760	1919
102	geacron/101	101				Azerbaijan		1920	1945
103	geacron/102	102				Aztec		1500	1519
104	geacron/103	103				Aztec		1520	1539
105	geacron/104	104				Bacan		1500	1579
106	geacron/105	105				Baden		1820	1879
107	geacron/106	106		1012		Bahamas		1500	1719
108	geacron/107	107		1103		Bahamas		1720	1945
109	geacron/108	108				Bahawalpur		1820	1839
110	geacron/109	109				Bahmani		1500	1519
111	geacron/110	110				Bahmani		1520	1539
112	geacron/111	111		871		Bahrain		1540	1599
113	geacron/112	112		1011		Bahrain		1600	1619
114	geacron/113	113				Bahrain		1800	1879
115	geacron/114	114		1103		Bahrain		1880	1945
116	geacron/115	115				Banjarmasin		1540	1679
117	geacron/116	116				Banjarmasin		1680	1799
118	geacron/117	117				Banten		1540	1559
119	geacron/118	118				Banten		1560	1579
120	geacron/119	119				Banten		1580	1599
121	geacron/120	120				Banten		1600	1619
122	geacron/121	121				Banten		1620	1699
123	geacron/122	122		723		Banten		1620	1699
124	geacron/123	123		723		Banten		1700	1759
125	geacron/124	124		725		Banten		1760	1945
126	geacron/125	125		1101		Barbados		1640	1945
127	geacron/126	126				Bavaria		1660	1819
128	geacron/127	127				Bavaria		1820	1879
129	geacron/128	128				Belgium		1840	1919
130	geacron/129	129				Belgium		1920	1945
131	geacron/130	130		1101		Belize		1800	1839
132	geacron/131	131		1103		Belize		1840	1680
133	geacron/132	132				Bengal		1500	1559
134	geacron/133	133				Bengal		1560	1739
135	geacron/134	134				Bengal		1740	1779
136	geacron/135	135		1099		Bengal		1780	1819
137	geacron/136	136		1102		Bengal		1820	1945
138	geacron/137	137				Benin		1500	1719
139	geacron/138	138				Benin		1720	1899
140	geacron/139	139		375		Benin		1880	1899
141	geacron/140	140				Berar		1500	1579
142	geacron/141	141				Berau		1500	1839
143	geacron/142	142		725		Berau		1840	1859
144	geacron/143	143		725		Berau		1860	1945
145	geacron/144	144		1011		Bermuda		1520	1619
146	geacron/145	145		1101		Bermuda		1620	1945
147	geacron/146	146				Bhutan		1620	1739
148	geacron/147	147				Bhutan		1740	1779
149	geacron/148	148				Bhutan		1780	1919
150	geacron/149	149				Bhutan		1920	1945
151	geacron/150	150				Bidar		1500	1619
152	geacron/151	151				Bijapur		1500	1539
153	geacron/152	152				Bijapur		1540	1579
154	geacron/153	153				Bijapur		1580	1619
155	geacron/154	154				Bijapur		1620	1659
156	geacron/155	155				Bijapur		1660	1679
157	geacron/156	156				Bijapur		1680	1699
158	geacron/157	157				Bikaner		1500	1539
159	geacron/158	158				Bohemia		1500	1539
160	geacron/159	159				Bolivia		1840	1879
161	geacron/160	160				Bolivia		1880	1899
162	geacron/161	161				Bolivia		1900	1919
163	geacron/162	162				Bolivia		1920	1939
164	geacron/163	163				Bolivia		1940	1945
165	geacron/164	164				Bornu		1500	1579
166	geacron/165	165				Bornu		1580	1719
167	geacron/166	166				Bornu		1720	1759
168	geacron/167	167				Bornu		1760	1899
169	geacron/168	168				Brandenburg		1660	1719
170	geacron/169	169		871		Brazil		1540	1579
171	geacron/170	170		363		Brazil		1560	1579
172	geacron/171	171		871		Brazil		1580	1659
173	geacron/172	172		1011		Brazil		1600	1619
174	geacron/173	173		1011		Brazil		1620	1659
175	geacron/174	174		722		Brazil		1640	1659
176	geacron/175	175		873		Brazil		1660	1679
177	geacron/176	176		875		Brazil		1680	1719
178	geacron/177	177		875		Brazil		1720	1739
179	geacron/178	178		875		Brazil		1740	1759
180	geacron/179	179		875		Brazil		1760	1779
181	geacron/180	180		875		Brazil		1780	1819
182	geacron/181	181		876		Brazil		1820	1839
183	geacron/182	182				Brazil		1840	1859
184	geacron/183	183				Brazil		1860	1879
185	geacron/184	184				Brazil		1880	1919
186	geacron/185	185				Brazil		1920	1945
187	geacron/186	186		1039		Bremen		1660	1719
188	geacron/187	187				Brunei		1500	1859
189	geacron/188	188				Brunei		1860	1879
190	geacron/189	189				Brunei		1880	1899
191	geacron/190	190				Buganda		1500	1679
192	geacron/191	191				Buganda		1680	1799
193	geacron/192	192				Buganda		1800	1839
194	geacron/193	193				Buganda		1840	1899
195	geacron/194	194				Bukhara		1520	1599
196	geacron/195	195				Bukhara		1600	1699
197	geacron/196	196				Bukhara		1700	1719
198	geacron/197	197				Bukhara		1720	1879
199	geacron/198	198				Bulgaria		1880	1899
200	geacron/199	199				Bulgaria		1900	1919
201	geacron/200	200				Bulgaria		1920	1945
202	geacron/201	201				Bunyoro		1520	1679
203	geacron/202	202				Bunyoro		1680	1799
204	geacron/203	203				Bunyoro		1800	1839
205	geacron/204	204				Bunyoro		1840	1899
206	geacron/205	205				Burma		1540	1559
207	geacron/206	206				Burma		1560	1619
208	geacron/207	207				Burma		1620	1779
209	geacron/208	208				Burma		1780	1799
210	geacron/209	209				Burma		1800	1819
211	geacron/210	210				Burma		1820	1839
212	geacron/211	211				Burma		1840	1859
213	geacron/212	212		1102		Burma		1840	1859
214	geacron/213	213				Burma		1860	1899
215	geacron/214	214		1103		Burma		1860	1945
216	geacron/215	215				Burundi		1540	1799
217	geacron/216	216				Burundi		1800	1899
218	geacron/217	217		1099		Calcuta		1760	1779
219	geacron/218	218		1103		Calcuta		1780	1945
220	geacron/219	219				Cambodia		1500	1679
221	geacron/220	220				Cambodia		1680	1739
222	geacron/221	221				Cambodia		1740	1779
223	geacron/222	222				Cambodia		1780	1799
224	geacron/223	223				Cambodia		1800	1879
225	geacron/224	224		390		Cameroon		1900	1919
226	geacron/225	225		366		Canada		1620	1659
227	geacron/226	226		367		Canada		1660	1679
228	geacron/227	227		368		Canada		1680	1719
229	geacron/228	228		371		Canada		1720	1779
230	geacron/229	229		1099		Canada		1720	1779
231	geacron/230	230		1099		Canada		1780	1799
232	geacron/231	231		1100		Canada		1800	1819
233	geacron/232	232		1101		Canada		1820	1839
234	geacron/233	233		1102		Canada		1840	1859
235	geacron/234	234		1102		Canada		1860	1879
236	geacron/235	235				Canada		1880	1899
237	geacron/236	236		1102		Canada		1880	1939
238	geacron/237	237				Canada		1900	1939
239	geacron/238	238		1103		Canada		1940	1945
240	geacron/239	239				Canada		1940	1945
241	geacron/240	240		1017		Canaries		1500	1945
242	geacron/241	241		873		Cape Verde		1500	1945
243	geacron/242	242		1011		Cape Verde		1600	1659
244	geacron/243	243		1010		Caribbean		1520	1659
245	geacron/244	244		723		Caribbean		1640	1945
246	geacron/245	245		1098		Caribbean		1660	1679
247	geacron/246	246		1102		Caribbean		1680	1945
248	geacron/247	247				Carnatic		1720	1739
249	geacron/248	248				Carnatic		1740	1779
250	geacron/249	249				Carnatic		1780	1799
251	geacron/250	250		375		Central Africa		1840	1899
252	geacron/251	251		375		Central Africa		1900	1919
253	geacron/252	252		376		Central Africa		1920	1945
254	geacron/253	253		1011		Central America		1620	1639
255	geacron/254	254				Ceylon		1500	1579
256	geacron/255	255				Ceylon		1520	1579
257	geacron/256	256				Ceylon		1580	1599
258	geacron/257	257				Ceylon		1580	1599
259	geacron/258	258		1011		Ceylon		1600	1639
260	geacron/259	259		1011		Ceylon		1640	1659
261	geacron/260	260				Ceylon		1640	1659
262	geacron/261	261		723		Ceylon		1660	1679
263	geacron/262	262		723		Ceylon		1680	1799
264	geacron/263	263		1102		Ceylon		1800	1945
265	geacron/264	264				Champa		1500	1679
266	geacron/265	265				Champasak		1720	1779
267	geacron/266	266		372		Chandannagar		1740	1799
268	geacron/267	267				Chiang Mai		1500	1559
269	geacron/268	268				Chile		1820	1859
270	geacron/269	269				Chile		1860	1879
271	geacron/270	270				Chile		1880	1899
272	geacron/271	271				Chile		1900	1939
273	geacron/272	272				Chile		1940	1945
274	geacron/273	273				China		1500	1699
275	geacron/274	274				China		1700	1919
276	geacron/275	275		390		China		1900	1919
277	geacron/276	276		375		China		1900	1945
278	geacron/277	277		1102		China		1900	1945
279	geacron/278	278				China		1920	1939
280	geacron/279	279				China		1940	1945
281	geacron/280	280				Colombia		1820	1839
282	geacron/281	281				Colombia		1840	1919
283	geacron/282	282				Colombia		1920	1939
284	geacron/283	283				Colombia		1940	1945
285	geacron/284	284		375		Comoros		1900	1945
286	geacron/285	285				Congo Free State		1900	1919
287	geacron/286	286		129		Congo Free State		1920	1945
288	geacron/287	287		1100		Cooks		1780	1919
289	geacron/288	288		739		Cooks		1920	1945
290	geacron/289	289				Costa Rica		1840	1945
291	geacron/290	290		760		Crimea		1500	1519
292	geacron/291	291				Crimea		1780	1799
293	geacron/292	292		1011		Cuba		1520	1899
294	geacron/293	293		1108		Cuba		1900	1919
295	geacron/294	294				Cuba		1920	1945
296	geacron/295	295		1114		Cyprus		1500	1579
297	geacron/296	296		1103		Cyprus		1880	1945
298	geacron/297	297				Czechoslovakia		1920	1945
299	geacron/298	298				Dahomey		1660	1739
300	geacron/299	299				Dahomey		1740	1819
301	geacron/300	300				Dahomey		1820	1899
302	geacron/301	301				Danzig		1920	1945
303	geacron/302	302				Darfur		1620	1899
304	geacron/303	303				Darfur		1900	1919
305	geacron/304	304				Delhi		1500	1539
306	geacron/305	305				Demak		1500	1539
307	geacron/306	306				Demak		1540	1579
308	geacron/307	307				Dendi		1600	1899
309	geacron/308	308				Denmark		1500	1539
310	geacron/309	309				Denmark		1540	1559
311	geacron/310	310				Denmark		1560	1579
312	geacron/311	311				Denmark		1580	1659
313	geacron/312	312				Denmark		1660	1679
314	geacron/313	313				Denmark		1680	1819
315	geacron/314	314				Denmark		1820	1879
316	geacron/315	315				Denmark		1880	1939
317	geacron/316	316				Denmark		1940	1945
318	geacron/317	317		376		Djibouti		1900	1945
319	geacron/318	318		368		Dominica		1680	1779
320	geacron/319	319		1099		Dominica		1780	1680
321	geacron/320	320				Dominican Rep.		1860	1680
322	geacron/321	321				Dulkadir		1500	1519
323	geacron/322	322		1102		East Africa		1900	1919
324	geacron/323	323		1102		East Africa		1920	1939
325	geacron/324	324		1103		East Africa		1940	1945
326	geacron/325	325		876		East Timor		1660	1859
327	geacron/326	326		876		East Timor		1860	1945
328	geacron/327	327				Ecuador		1840	1945
329	geacron/328	328				Egypt		1500	1939
330	geacron/329	329		1102		Egypt		1900	1919
331	geacron/330	330				Egypt		1940	1945
332	geacron/331	331				El Salvador		1840	1945
333	geacron/332	332				England		1500	1559
334	geacron/333	333				England		1560	1679
335	geacron/334	334		1098		England		1620	1945
336	geacron/335	335		875		Equatorial Guinea		1500	1779
337	geacron/336	336		1011		Equatorial Guinea		1600	1899
338	geacron/337	337		1018		Equatorial Guinea		1900	1945
339	geacron/338	338		504		Eritrea		1900	1939
340	geacron/339	339		505		Eritrea		1940	1945
341	geacron/340	340				Estonia		1920	1945
342	geacron/341	341				Ethiopia		1500	1539
343	geacron/342	342				Ethiopia		1540	1559
344	geacron/343	343				Ethiopia		1560	1859
345	geacron/344	344				Ethiopia		1860	1879
346	geacron/345	345				Ethiopia		1880	1899
347	geacron/346	346				Ethiopia		1900	1945
348	geacron/347	347		505		Ethiopia		1940	1945
349	geacron/348	348		1014		Falklands		1780	1819
350	geacron/349	349		1103		Falklands		1840	1945
351	geacron/350	350		312		Faroe Islands		1500	1945
352	geacron/351	351		1103		Fiji		1880	1945
353	geacron/352	352				Finland		1920	1945
354	geacron/353	353		1012		Flanders		1660	1679
355	geacron/354	354		1012		Flanders		1680	1719
356	geacron/355	355		89		Flanders		1720	1799
357	geacron/356	356				Florence		1500	1579
358	geacron/357	357		1010		Florida		1580	1619
359	geacron/358	358		1011		Florida		1620	1679
360	geacron/359	359		1012		Florida		1680	1719
361	geacron/360	360		1013		Florida		1720	1779
362	geacron/361	361				France		1500	1519
363	geacron/362	362				France		1520	1559
364	geacron/363	363				France		1560	1599
365	geacron/364	364				France		1600	1619
366	geacron/365	365				France		1620	1639
367	geacron/366	366				France		1640	1659
368	geacron/367	367				France		1660	1679
369	geacron/368	368				France		1680	1699
370	geacron/369	369				France		1700	1719
371	geacron/370	370				France		1720	1739
372	geacron/371	371				France		1740	1779
373	geacron/372	372				France		1780	1799
374	geacron/373	373				France		1800	1819
375	geacron/374	374				France		1820	1879
376	geacron/375	375				France		1880	7305
377	geacron/376	376				France		1920	1945
378	geacron/377	377		84		Franche Comte		1500	1519
379	geacron/378	378		84		Franche Comte		1520	1559
380	geacron/379	379		1011		Franche Comte		1560	1679
381	geacron/380	380		1100		Gambia		1800	1899
382	geacron/381	381		1102		Gambia		1900	1945
383	geacron/382	382				Genoa		1500	1579
384	geacron/383	383				Genoa		1580	1659
385	geacron/384	384				Genoa		1660	1779
386	geacron/385	385				Genoa		1780	1799
387	geacron/386	386				Georgia		1760	1919
388	geacron/387	387				Georgia		1920	1945
389	geacron/388	388				German Confederation		1820	1839
390	geacron/389	389				German Confederation		1840	1879
391	geacron/390	390				Germany		1880	1919
392	geacron/391	391				Germany		1920	1939
393	geacron/392	392				Germany		1940	1945
394	geacron/393	393		1102		Ghana		1900	1919
395	geacron/394	394		1102		Ghana		1920	1945
396	geacron/395	395		1099		Gibraltar		1720	1945
397	geacron/396	396		876		Goa		1520	1945
398	geacron/397	397		1011		Goa		1600	1659
399	geacron/398	398		1102		Gold Coast		1840	1899
400	geacron/399	399				Golden Horde		1500	1519
401	geacron/400	400				Golkonda		1520	1539
402	geacron/401	401				Golkonda		1540	1559
403	geacron/402	402				Golkonda		1560	1579
404	geacron/403	403				Golkonda		1580	1659
405	geacron/404	404				Golkonda		1660	1699
406	geacron/405	405				Gond kingdoms		1500	1579
407	geacron/406	406		382		Greece		1500	1539
408	geacron/407	407		1115		Greece		1500	1539
409	geacron/408	408		1115		Greece		1540	1579
410	geacron/409	409		1115		Greece		1580	1619
411	geacron/410	410		1116		Greece		1620	1699
412	geacron/411	411		1118		Greece		1700	1719
413	geacron/412	412		1119		Greece		1720	1799
414	geacron/413	413		1102		Greece		1820	1879
415	geacron/414	414				Greece		1840	1879
416	geacron/415	415				Greece		1880	1899
417	geacron/416	416				Greece		1900	1919
418	geacron/417	417				Greece		1920	1939
419	geacron/418	418		505		Greece		1920	1945
420	geacron/419	419				Greece		1940	1945
421	geacron/420	420		313		Greenland		1740	1819
422	geacron/421	421		314		Greenland		1820	7305
423	geacron/422	422		316		Greenland		1920	1945
424	geacron/423	423		370		Grenada		1660	1779
425	geacron/424	424		1099		Grenada		1780	1945
426	geacron/425	425		372		Guadeloupe		1640	1945
427	geacron/426	426		1099		Guadeloupe		1760	1779
428	geacron/427	427		1011		Guam		1580	1899
429	geacron/428	428		1108		Guam		1900	1945
430	geacron/429	429				Guatemala		1840	1945
431	geacron/430	430		876		Guinea-Bissau		1900	1945
432	geacron/431	431				Gujarat		1500	1579
433	geacron/432	432		1102		Guyana		1820	1899
434	geacron/433	433		1102		Guyana		1900	1945
435	geacron/434	434		368		Guyane		1620	1799
436	geacron/435	435		374		Guyane		1800	1945
437	geacron/436	436				Hafsid		1500	1539
438	geacron/437	437				Hafsid		1540	1579
439	geacron/438	438				Hail		1880	1899
440	geacron/439	439				Hail		1900	1919
441	geacron/440	440				Hail		1920	1945
442	geacron/441	441		369		Haiti		1700	1799
443	geacron/442	442		373		Haiti		1800	1819
444	geacron/443	443				Haiti		1820	1839
445	geacron/444	444				Haiti		1840	1859
446	geacron/445	445				Haiti		1860	1680
447	geacron/446	446				Hanover		1700	1719
448	geacron/447	447				Hanover		1720	1819
449	geacron/448	448				Hanover		1820	1879
450	geacron/449	449				Hausa		1500	1819
451	geacron/450	450				Hawaii		1820	1899
452	geacron/451	451				Hejaz		1920	1945
453	geacron/452	452		1010		Hispaniola		1500	1699
454	geacron/453	453		1018		Hispaniola		1700	1839
455	geacron/454	454				Holy Roman Empire		1500	1519
456	geacron/455	455				Holy Roman Empire		1520	1539
457	geacron/456	456				Holy Roman Empire		1540	1559
458	geacron/457	457				Holy Roman Empire		1560	1619
459	geacron/458	458				Holy Roman Empire		1620	1659
460	geacron/459	459				Holy Roman Empire		1660	1679
461	geacron/460	460				Holy Roman Empire		1680	1699
462	geacron/461	461				Holy Roman Empire		1700	1739
463	geacron/462	462				Holy Roman Empire		1740	1799
464	geacron/463	463				Holy Roman Empire		1800	1819
465	geacron/464	464				Honduras		1840	1945
466	geacron/465	465		1103		Hong Kong		1860	1945
467	geacron/466	466				Hungary		1500	1919
468	geacron/467	467				Hungary		1920	1939
469	geacron/468	468				Hungary		1940	1945
470	geacron/469	469				Hyderabad		1740	1819
471	geacron/470	470				Inca		1500	1519
472	geacron/471	471				Inca		1520	1539
473	geacron/472	472		1098		India		1640	1779
474	geacron/473	473		1099		India		1780	1799
475	geacron/474	474		1100		India		1800	1819
476	geacron/475	475		1101		India		1820	1839
477	geacron/476	476		1102		India		1840	1859
478	geacron/477	477		1102		India		1860	1879
479	geacron/478	478		1102		India		1880	1899
480	geacron/479	479		1102		India		1900	1919
481	geacron/480	480		1102		India		1920	1945
482	geacron/481	481		375		Indochina		1880	1899
483	geacron/482	482		375		Indochina		1900	1919
484	geacron/483	483		376		Indochina		1920	1945
485	geacron/484	484		723		Indonesia		1660	1679
486	geacron/485	485		875		Indonesia		1660	1859
487	geacron/486	486		723		Indonesia		1680	1699
488	geacron/487	487		723		Indonesia		1700	1759
489	geacron/488	488		723		Indonesia		1760	1799
490	geacron/489	489		723		Indonesia		1800	1819
491	geacron/490	490		724		Indonesia		1820	1839
492	geacron/491	491		725		Indonesia		1840	1859
493	geacron/492	492		725		Indonesia		1860	1879
494	geacron/493	493		726		Indonesia		1880	1899
495	geacron/494	494		726		Indonesia		1900	1919
496	geacron/495	495		1103		Indonesia		1900	1945
497	geacron/496	496		726		Indonesia		1920	1945
498	geacron/497	497				Iran		1920	1945
499	geacron/498	498		1102		Iraq		1920	1945
500	geacron/499	499				Iraq		1940	1945
501	geacron/500	500				Ireland		1940	1945
502	geacron/501	501		1011		Italy		1560	1759
503	geacron/502	502		1014		Italy		1760	1819
504	geacron/503	503				Italy		1800	1879
505	geacron/504	504				Italy		1880	1919
506	geacron/505	505				Italy		1920	1945
507	geacron/506	506				Jailolo		1500	1559
508	geacron/507	507				Jaisalmer		1500	1559
509	geacron/508	508		1010		Jamaica		1520	1659
510	geacron/509	509		1099		Jamaica		1660	1945
511	geacron/510	510				Jambi		1500	1839
512	geacron/511	511				Japan		1500	1619
513	geacron/512	512				Japan		1620	1759
514	geacron/513	513				Japan		1760	1799
515	geacron/514	514				Japan		1800	1879
516	geacron/515	515				Japan		1880	1919
517	geacron/516	516				Japan		1920	1945
518	geacron/517	517				Johor		1540	1619
519	geacron/518	518				Johor		1620	1639
520	geacron/519	519				Johor		1640	1679
521	geacron/520	520				Johor		1680	1739
522	geacron/521	521				Johor		1740	1819
523	geacron/522	522				Johor		1820	1839
524	geacron/523	523				Joseon		1500	1859
525	geacron/524	524				Joseon		1860	1899
526	geacron/525	525				Kalat		1820	1879
527	geacron/526	526				Kandy		1600	1639
528	geacron/527	527				Kandy		1640	1679
529	geacron/528	528				Kandy		1680	1819
530	geacron/529	529				Kashgar		1520	1699
531	geacron/530	530				Kashmir		1500	1599
532	geacron/531	531				Kazakh		1500	1519
533	geacron/532	532				Kazakh		1520	1579
534	geacron/533	533				Kazakh		1580	1599
535	geacron/534	534				Kazakh		1600	1639
536	geacron/535	535				Kazakh		1640	1699
537	geacron/536	536				Kazakh		1700	1739
538	geacron/537	537				Kazakh		1740	1759
539	geacron/538	538				Kazan		1500	1519
540	geacron/539	539				Kazan		1520	1559
541	geacron/540	540				Kazembe		1740	1899
542	geacron/541	541		375		Kerguelen		1900	1945
543	geacron/542	542				Khiva		1520	1879
544	geacron/543	543				Kilwa		1500	1519
545	geacron/544	544		871		Kilwa		1520	1679
546	geacron/545	545		1011		Kilwa		1600	1659
547	geacron/546	546		1103		Kiribati		1840	1945
548	geacron/547	547				Knights of Malta		1540	1799
549	geacron/548	548				Knights of Rhodes		1500	1539
550	geacron/549	549				Kokand		1720	1879
551	geacron/550	550				Kongo		1500	1519
552	geacron/551	551				Kongo		1520	1679
553	geacron/552	552				Korea		1900	1919
554	geacron/553	553		516		Korea		1920	1945
555	geacron/554	554				KrakÂ¢w		1820	1859
556	geacron/555	555				Kutai		1500	1859
557	geacron/556	556		1102		Kuwait		1900	1919
558	geacron/557	557		1102		Kuwait		1920	1939
559	geacron/558	558		1103		Kuwait		1940	1945
560	geacron/559	559		1100		Labrador		1720	1945
561	geacron/560	560				Ladakh		1500	1839
562	geacron/561	561				Laos		1500	1719
563	geacron/562	562				Latvia		1920	1945
564	geacron/563	563		1102		Lesotho		1920	1945
565	geacron/564	564				Liberia		1840	1899
566	geacron/565	565				Liberia		1900	1945
567	geacron/566	566		505		Libya		1920	1939
568	geacron/567	567		505		Libya		1940	1945
569	geacron/568	568				Liechtenstein		1820	1945
570	geacron/569	569				Ligurian Republic		1800	1819
571	geacron/570	570				Lithuania		1920	1939
572	geacron/571	571				Lithuania		1940	1945
573	geacron/572	572				Luang Prabang		1720	1779
574	geacron/573	573				Luba		1600	1799
575	geacron/574	574				Luba		1800	1819
576	geacron/575	575				Luba		1820	1859
577	geacron/576	576				Luba		1860	1879
578	geacron/577	577				Lucca		1660	1859
579	geacron/578	578				Lunda		1680	1719
580	geacron/579	579				Lunda		1720	1899
581	geacron/580	580		926		Lushun		1900	1919
582	geacron/581	581		516		Lushun		1920	1945
583	geacron/582	582				Luxembourg		1880	1945
584	geacron/583	583		873		Macassar		1520	1679
585	geacron/584	584		1011		Macassar		1600	1659
586	geacron/585	585		726		Macassar		1680	1919
587	geacron/586	586		871		Macau		1560	1945
588	geacron/587	587		1011		Macau		1600	1659
589	geacron/588	588		376		Madagascar		1900	1945
590	geacron/589	589				Madurai		1660	1739
591	geacron/590	590				Maguindanao		1540	1639
592	geacron/591	591				Maguindanao		1640	1659
593	geacron/592	592				Majapahit		1500	1539
594	geacron/593	593				Malacca		1500	1519
595	geacron/594	594				Malacca		1520	1539
596	geacron/595	595		871		Malacca		1520	1599
597	geacron/596	596		1011		Malacca		1600	1659
598	geacron/597	597		723		Malacca		1660	1839
599	geacron/598	598		1102		Malacca		1840	1919
600	geacron/599	599		1102		Malacca		1920	1945
601	geacron/600	600		1102		Malaysia		1900	1945
602	geacron/601	601		871		Maldives		1560	1579
603	geacron/602	602				Maldives		1580	1899
604	geacron/603	603		1102		Maldives		1900	1945
605	geacron/604	604				Mali		1500	1539
606	geacron/605	605				Mali		1540	1559
607	geacron/606	606				Mali		1560	1619
608	geacron/607	607		1103		Malta		1820	1945
609	geacron/608	608				Malwa		1500	1539
610	geacron/609	609				Malwa		1540	1559
611	geacron/610	610				Malwa		1560	1579
612	geacron/611	611				Manchukuo		1940	1945
613	geacron/612	612				Manipur		1500	1819
614	geacron/613	613				Mantua		1660	1719
615	geacron/614	614				Maratha		1680	1719
616	geacron/615	615				Maratha		1720	1759
617	geacron/616	616				Maratha		1760	1779
618	geacron/617	617				Maratha		1780	1819
619	geacron/618	618		1017		Marianas		1580	1899
620	geacron/619	619		390		Marianas		1900	1919
621	geacron/620	620		516		Marianas		1920	1945
622	geacron/621	621		1017		Marshall Islands		1540	1899
623	geacron/622	622		390		Marshall Islands		1900	1919
624	geacron/623	623		516		Marshall Islands		1920	1945
625	geacron/624	624		374		Martinique		1640	1945
626	geacron/625	625		1100		Martinique		1800	1819
627	geacron/626	626				Marwar		1500	1539
628	geacron/627	627				Marwar		1540	1559
629	geacron/628	628				Marwar		1560	1579
630	geacron/629	629				Massa		1660	1839
631	geacron/630	630				Mataram		1600	1619
632	geacron/631	631				Mataram		1620	1639
633	geacron/632	632				Mataram		1640	1659
634	geacron/633	633				Mataram		1660	1699
635	geacron/634	634				Mataram		1700	1759
636	geacron/635	635		723		Mauritius		1640	1719
637	geacron/636	636		371		Mauritius		1720	1819
638	geacron/637	637		1102		Mauritius		1820	1945
639	geacron/638	638				Mecklenburg		1660	1879
640	geacron/639	639				Memel		1920	1945
641	geacron/640	640		1099		Menorca		1720	1819
642	geacron/641	641				Merina		1800	1819
643	geacron/642	642				Merina		1820	1839
644	geacron/643	643				Merina		1840	1899
645	geacron/644	644				Mewar		1500	1579
646	geacron/645	645				Mexico		1840	1859
647	geacron/646	646				Mexico		1860	1945
648	geacron/647	647				Michoacan		1500	1539
649	geacron/648	648		1013		Micronesia		1580	1899
650	geacron/649	649		390		Micronesia		1900	1919
651	geacron/650	650		516		Micronesia		1920	1945
652	geacron/651	651		361		Milan		1500	1519
653	geacron/652	652		362		Milan		1520	1539
654	geacron/653	653		1010		Milan		1540	1719
655	geacron/654	654		88		Milan		1720	1759
656	geacron/655	655		90		Milan		1760	1799
657	geacron/656	656				Ming		1500	1619
658	geacron/657	657				Ming		1620	1639
659	geacron/658	658				Ming		1640	1659
660	geacron/659	659				Modena		1660	1759
661	geacron/660	660				Modena		1760	1819
662	geacron/661	661				Modena		1820	1839
663	geacron/662	662				Modena		1840	1879
664	geacron/663	663				Moghulistan		1500	1519
665	geacron/664	664				Moldavia		1500	1519
666	geacron/665	665				Monaco		1880	1945
667	geacron/666	666				Mongol		1500	1519
668	geacron/667	667				Mongol		1520	1619
669	geacron/668	668				Mongol		1620	1639
670	geacron/669	669				Mongol		1640	1659
671	geacron/670	670				Mongol		1660	1699
672	geacron/671	671				Mongolia		1940	1945
673	geacron/672	672				Montenegro		1880	1919
674	geacron/673	673				Morocco		1660	1919
675	geacron/674	674		1018		Morocco		1920	1939
676	geacron/675	675		1018		Morocco		1940	1945
677	geacron/676	676				Moscow		1500	1519
678	geacron/677	677				Moscow		1520	1539
679	geacron/678	678				Moscow		1540	1559
680	geacron/679	679		873		Mozambique		1520	1699
681	geacron/680	680		1011		Mozambique		1600	1659
682	geacron/681	681		875		Mozambique		1700	1859
683	geacron/682	682		876		Mozambique		1860	1899
684	geacron/683	683		876		Mozambique		1900	1945
685	geacron/684	684				Mrauk U		1500	1799
686	geacron/685	685				Mughal		1520	1539
687	geacron/686	686				Mughal		1540	1559
688	geacron/687	687				Mughal		1560	1579
689	geacron/688	688				Mughal		1580	1599
690	geacron/689	689				Mughal		1600	1619
691	geacron/690	690				Mughal		1620	1639
692	geacron/691	691				Mughal		1640	1659
693	geacron/692	692				Mughal		1660	1679
694	geacron/693	693				Mughal		1680	1699
695	geacron/694	694				Mughal		1700	1719
696	geacron/695	695				Mughal		1720	1739
697	geacron/696	696				Mughal		1740	1759
698	geacron/697	697				Mughal		1760	1819
699	geacron/698	698				Mysore		1620	1639
700	geacron/699	699				Mysore		1640	1659
701	geacron/700	700				Mysore		1660	1679
702	geacron/701	701				Mysore		1680	1739
703	geacron/702	702				Mysore		1740	1799
704	geacron/703	703		1100		Mysore		1800	1819
705	geacron/704	704		1102		Namibia		1880	1919
706	geacron/705	705		390		Namibia		1900	1919
707	geacron/706	706				Naples		1500	1739
708	geacron/707	707		88		Naples		1720	1739
709	geacron/708	708				Naples		1740	1819
710	geacron/709	709				Naples		1820	1879
711	geacron/710	710		390		Nauru		1900	1919
712	geacron/711	711		83		Nauru		1920	1945
713	geacron/712	712				Navarre		1500	1519
714	geacron/713	713				Navarre		1520	1599
715	geacron/714	714				Nepal		1500	1779
716	geacron/715	715				Nepal		1780	1819
717	geacron/716	716				Nepal		1820	1945
718	geacron/717	717		85		Netherlands		1500	1559
719	geacron/718	718		1010		Netherlands		1560	1579
720	geacron/719	719				Netherlands		1580	1599
721	geacron/720	720		1011		Netherlands		1580	1659
722	geacron/721	721				Netherlands		1600	1639
723	geacron/722	722				Netherlands		1640	1659
724	geacron/723	723				Netherlands		1660	1819
725	geacron/724	724				Netherlands		1820	1839
726	geacron/725	725				Netherlands		1840	1879
727	geacron/726	726				Netherlands		1880	1945
728	geacron/727	727		375		New Caledonia		1860	1945
729	geacron/728	728				New Hebrides		1920	1945
730	geacron/729	729		721		New Netherland		1620	1639
731	geacron/730	730		722		New Netherland		1640	1659
732	geacron/731	731		723		New Netherland		1660	1679
733	geacron/732	732		1012		New Spain		1540	1699
734	geacron/733	733		1012		New Spain		1700	1719
735	geacron/734	734		1013		New Spain		1720	1739
736	geacron/735	735		1014		New Spain		1740	1799
737	geacron/736	736		1017		New Spain		1800	1839
738	geacron/737	737		1038		New Sweden		1640	1659
739	geacron/738	738		1102		New Zealand		1840	1919
740	geacron/739	739				New Zealand		1920	1945
741	geacron/740	740				Nicaragua		1840	1945
742	geacron/741	741		1102		Nigeria		1860	1899
743	geacron/742	742		1102		Nigeria		1900	1919
744	geacron/743	743		1103		Nigeria		1920	1945
745	geacron/744	744				Nogai		1520	1559
746	geacron/745	745				Nogai		1560	1639
747	geacron/746	746				Norway		1920	1939
748	geacron/747	747				Norway		1940	1945
749	geacron/748	748				Oirats		1500	1519
750	geacron/749	749				Oman		1500	1879
751	geacron/750	750		871		Oman		1520	1599
752	geacron/751	751		1011		Oman		1600	1659
753	geacron/752	752		772		Oman		1660	1759
754	geacron/753	753				Oman		1880	1899
755	geacron/754	754		1102		Oman		1900	1919
756	geacron/755	755		1102		Oman		1920	1939
757	geacron/756	756		1103		Oman		1940	1945
758	geacron/757	757				Orange Free State		1860	1919
759	geacron/758	758				Orissa		1500	1519
760	geacron/759	759				Orissa		1520	1579
761	geacron/760	760				Ottoman		1500	1519
762	geacron/761	761				Ottoman		1520	1539
763	geacron/762	762				Ottoman		1540	1559
764	geacron/763	763				Ottoman		1560	1579
765	geacron/764	764				Ottoman		1580	1599
766	geacron/765	765				Ottoman		1600	1619
767	geacron/766	766				Ottoman		1620	1639
768	geacron/767	767				Ottoman		1640	1659
769	geacron/768	768				Ottoman		1660	1679
770	geacron/769	769				Ottoman		1680	1699
771	geacron/770	770				Ottoman		1700	1719
772	geacron/771	771				Ottoman		1720	1739
773	geacron/772	772				Ottoman		1740	1759
774	geacron/773	773				Ottoman		1760	1779
775	geacron/774	774				Ottoman		1780	1799
776	geacron/775	775				Ottoman		1800	1819
777	geacron/776	776				Ottoman		1820	1839
778	geacron/777	777				Ottoman		1840	1859
779	geacron/778	778				Ottoman		1860	1879
780	geacron/779	779				Ottoman		1880	1899
781	geacron/780	780				Ottoman		1900	1919
782	geacron/781	781				Ottoman		1920	1945
783	geacron/782	782				Ouaddai		1640	1839
784	geacron/783	783				Ouaddai		1840	1899
785	geacron/784	784				Ouaddai		1900	1919
786	geacron/785	785				Oyo		1600	1619
787	geacron/786	786				Oyo		1620	1699
788	geacron/787	787				Oyo		1700	1819
789	geacron/788	788				Oyo		1820	1899
790	geacron/789	789				Pajang		1580	1599
791	geacron/790	790		1017		Palau		1580	1899
792	geacron/791	791		390		Palau		1900	1919
793	geacron/792	792		516		Palau		1920	1945
794	geacron/793	793				Palembang		1500	1839
795	geacron/794	794		1103		Palestine		1940	1945
796	geacron/795	795		1009		Panama		1520	1539
797	geacron/796	796		1010		Panama		1540	1839
798	geacron/797	797				Panama		1920	1945
799	geacron/798	798				Papal States		1500	1799
800	geacron/799	799				Papal States		1800	1819
801	geacron/800	800				Papal States		1820	1879
802	geacron/801	801		83		Papua New Guinea		1920	1945
803	geacron/802	802		390		Papua North		1900	1919
804	geacron/803	803		1102		Papua South		1900	1919
805	geacron/804	804		83		Papua South		1920	1945
806	geacron/805	805		1010		Paraguay		1540	1579
807	geacron/806	806				Paraguay		1820	1879
808	geacron/807	807				Paraguay		1880	1939
809	geacron/808	808				Paraguay		1940	1945
810	geacron/809	809				Parma		1660	1819
811	geacron/810	810		1014		Parma		1760	1819
812	geacron/811	811				Parma		1820	1859
813	geacron/812	812				Parma		1860	1879
814	geacron/813	813				Pegu		1500	1539
815	geacron/814	814				Persia		1520	1539
816	geacron/815	815				Persia		1540	1579
817	geacron/816	816				Persia		1580	1599
818	geacron/817	817				Persia		1600	1619
819	geacron/818	818				Persia		1620	1659
820	geacron/819	819				Persia		1660	1719
821	geacron/820	820				Persia		1720	1739
822	geacron/821	821				Persia		1740	1759
823	geacron/822	822				Persia		1760	1799
824	geacron/823	823				Persia		1800	1819
825	geacron/824	824				Persia		1820	1839
826	geacron/825	825				Persia		1840	1899
827	geacron/826	826				Persia		1900	1919
828	geacron/827	827				Peru		1840	1879
829	geacron/828	828				Peru		1880	1899
830	geacron/829	829				Peru		1900	1939
831	geacron/830	830				Peru		1940	1945
832	geacron/831	831		1010		Philippines		1580	1599
833	geacron/832	832		1011		Philippines		1600	1619
834	geacron/833	833		1011		Philippines		1620	1639
835	geacron/834	834		1011		Philippines		1640	1659
836	geacron/835	835		1012		Philippines		1660	1719
837	geacron/836	836		1014		Philippines		1720	1859
838	geacron/837	837		1018		Philippines		1860	1899
839	geacron/838	838		1108		Philippines		1900	1945
840	geacron/839	839				Piedmont-Sardinia		1720	1739
841	geacron/840	840				Piedmont-Sardinia		1740	1759
842	geacron/841	841				Piedmont-Sardinia		1760	1799
843	geacron/842	842				Piedmont-Sardinia		1800	1819
844	geacron/843	843				Piedmont-Sardinia		1820	1859
845	geacron/844	844				Piedmont-Sardinia		1860	1879
846	geacron/845	845				Poland		1920	1945
847	geacron/846	846				Poland-Lithuania		1500	1519
848	geacron/847	847				Poland-Lithuania		1520	1539
849	geacron/848	848				Poland-Lithuania		1540	1579
850	geacron/849	849				Poland-Lithuania		1580	1619
851	geacron/850	850				Poland-Lithuania		1620	1639
852	geacron/851	851				Poland-Lithuania		1640	1659
853	geacron/852	852				Poland-Lithuania		1660	1679
854	geacron/853	853				Poland-Lithuania		1680	1699
855	geacron/854	854				Poland-Lithuania		1700	1779
856	geacron/855	855				Poland-Lithuania		1780	1799
857	geacron/856	856		375		Polynesia		1840	1899
858	geacron/857	857		1102		Polynesia		1840	1899
859	geacron/858	858		1106		Polynesia		1860	1879
860	geacron/859	859		1107		Polynesia		1880	1899
861	geacron/860	860		1102		Polynesia		1900	1919
862	geacron/861	861		1108		Polynesia		1900	1939
863	geacron/862	862		375		Polynesia		1900	1945
864	geacron/863	863		1102		Polynesia		1920	1939
865	geacron/864	864		739		Polynesia		1920	1939
866	geacron/865	865		1103		Polynesia		1940	1945
867	geacron/866	866		1108		Polynesia		1940	1945
868	geacron/867	867		739		Polynesia		1940	1945
869	geacron/868	868		1040		Pomerania		1660	1739
870	geacron/869	869		368		Pondicherry		1680	1779
871	geacron/870	870		1099		Pondicherry		1780	1819
872	geacron/871	871				Portugal		1500	1659
873	geacron/872	872		1011		Portugal		1600	1659
874	geacron/873	873				Portugal		1660	1679
875	geacron/874	874		1098		Portugal		1680	1699
876	geacron/875	875				Portugal		1680	1819
877	geacron/876	876				Portugal		1820	1945
878	geacron/877	877		168		Prussia		1680	1719
879	geacron/878	878				Prussia		1720	1739
880	geacron/879	879				Prussia		1740	1759
881	geacron/880	880				Prussia		1760	1779
882	geacron/881	881				Prussia		1780	1799
883	geacron/882	882				Prussia		1800	1819
884	geacron/883	883				Prussia		1820	1859
885	geacron/884	884				Prussia		1860	1879
886	geacron/885	885		1017		Puerto Rico		1520	1899
887	geacron/886	886		1108		Puerto Rico		1900	1945
888	geacron/887	887				Qajar		1760	1799
889	geacron/888	888				Qatar		1880	1919
890	geacron/889	889		1103		Qatar		1940	1945
891	geacron/890	890				Qing		1620	1639
892	geacron/891	891				Qing		1640	1659
893	geacron/892	892				Qing		1660	1699
894	geacron/893	893				Qing		1700	1739
895	geacron/894	894				Qing		1740	1759
896	geacron/895	895				Qing		1760	1819
897	geacron/896	896				Qing		1820	1839
898	geacron/897	897				Qing		1840	1859
899	geacron/898	898				Qing		1860	1879
900	geacron/899	899				Qing		1880	1899
901	geacron/900	900				Qing		1900	1919
902	geacron/901	901		516		Qingdao		1920	1945
903	geacron/902	902				Ragusa		1700	1819
904	geacron/903	903		94		Ragusa		1820	1879
905	geacron/904	904				Rajput		1760	1819
906	geacron/905	905		367		Reunion		1640	1945
907	geacron/906	906				Romania		1880	1919
908	geacron/907	907				Romania		1920	1945
909	geacron/908	908				Rozwi		1500	1699
910	geacron/909	909				Rozwi		1700	1879
911	geacron/910	910				Russia		1560	1599
912	geacron/911	911				Russia		1600	1619
913	geacron/912	912				Russia		1620	1639
914	geacron/913	913				Russia		1640	1659
915	geacron/914	914				Russia		1660	1679
916	geacron/915	915				Russia		1680	1699
917	geacron/916	916				Russia		1700	1719
918	geacron/917	917				Russia		1720	1739
919	geacron/918	918				Russia		1740	1759
920	geacron/919	919				Russia		1760	1779
921	geacron/920	920				Russia		1780	1799
922	geacron/921	921				Russia		1800	1819
923	geacron/922	922				Russia		1820	1839
924	geacron/923	923				Russia		1840	1859
925	geacron/924	924				Russia		1860	1879
926	geacron/925	925				Russia		1880	1899
927	geacron/926	926				Russia		1900	1919
928	geacron/927	927				Russia		1920	1939
929	geacron/928	928				Russia		1940	1945
930	geacron/929	929				Rwanda		1500	1879
931	geacron/930	930				Rwanda		1880	1899
932	geacron/931	931				Ryazan		1520	1539
933	geacron/932	932				Ryukyu		1500	1619
934	geacron/933	933				Saadi		1560	1599
935	geacron/934	934				Saadi		1600	1639
936	geacron/935	935				Saadi		1640	1659
937	geacron/936	936				Saar		1920	1945
938	geacron/937	937		1101		Saint Kitts		1720	1945
939	geacron/938	938		368		Saint Lucia		1680	1779
940	geacron/939	939		1103		Saint Lucia		1780	1945
941	geacron/940	940		371		Saint Vincent		1680	1799
942	geacron/941	941		1100		Saint Vincent		1800	1945
943	geacron/942	942				Sambas		1620	1819
944	geacron/943	943		390		Samoa		1900	1919
945	geacron/944	944		739		Samoa		1920	1945
946	geacron/945	945		1108		Samoa East		1900	1945
947	geacron/946	946				San Marino		1640	1945
948	geacron/947	947				Sarawak		1860	1879
949	geacron/948	948				Sarawak		1880	1899
950	geacron/949	949		88		Sardinia		1720	1739
951	geacron/950	950				Saudi		1760	1799
952	geacron/951	951				Saudi		1800	1859
953	geacron/952	952				Saudi		1860	1879
954	geacron/953	953				Saudi		1880	1919
955	geacron/954	954				Saudi		1920	1945
956	geacron/955	955				Saudi Arabia		1940	1945
957	geacron/956	956				Savoy		1500	1519
958	geacron/957	957				Savoy		1520	1539
959	geacron/958	958				Savoy		1540	1619
960	geacron/959	959				Savoy		1620	1719
961	geacron/960	960				Saxony		1660	1819
962	geacron/961	961				Saxony		1820	1879
963	geacron/962	962				Scotland		1500	1679
964	geacron/963	963				Sennar		1520	1839
965	geacron/964	964				Septinsular Rep.		1800	1819
966	geacron/965	965				Serbia		1880	1919
967	geacron/966	966		373		Seychelles		1760	1819
968	geacron/967	967		1102		Seychelles		1820	1945
969	geacron/968	968		1100		S Georgia		1780	1945
970	geacron/969	969				Shan		1520	1539
971	geacron/970	970				Shan		1540	1559
972	geacron/971	971				Siam		1780	1799
973	geacron/972	972				Siam		1800	1819
974	geacron/973	973				Siam		1820	1899
975	geacron/974	974				Siam		1900	1919
976	geacron/975	975		1102		Siam		1920	1945
977	geacron/976	976				Siam		1920	1945
978	geacron/977	977				Sibir		1500	1599
979	geacron/978	978				Sicily		1720	1739
980	geacron/979	979				Siena		1500	1559
981	geacron/980	980		1101		Sierra Leone		1800	1899
982	geacron/981	981		1103		Sierra Leone		1900	1945
983	geacron/982	982				Sikh		1820	1839
984	geacron/983	983				Sikh		1840	1859
985	geacron/984	984				Sind		1500	1819
986	geacron/985	985				Sind		1820	1859
987	geacron/986	986				Slovakia		1940	1945
988	geacron/987	987				Sokoto		1820	1899
989	geacron/988	988		1102		Solomon Islands		1900	1945
990	geacron/989	989		504		Somalia		1900	1945
991	geacron/990	990		1102		Somalia North		1900	1945
992	geacron/991	991				Songhai		1500	1519
993	geacron/992	992				Songhai		1520	1559
994	geacron/993	993				Songhai		1560	1599
995	geacron/994	994		723		South Africa		1660	1759
996	geacron/995	995		723		South Africa		1760	1779
997	geacron/996	996		723		South Africa		1780	1799
998	geacron/997	997		723		South Africa		1800	1819
999	geacron/998	998		1101		South Africa		1820	1839
1000	geacron/999	999		1102		South Africa		1840	1859
1001	geacron/1000	1000		1102		South Africa		1860	1879
1002	geacron/1001	1001		1102		South Africa		1880	1899
1003	geacron/1002	1002		1102		South Africa		1900	1919
1004	geacron/1003	1003				South Africa		1920	1945
1005	geacron/1004	1004				South Vietnam		1680	1739
1006	geacron/1005	1005				South Vietnam		1740	1779
1007	geacron/1006	1006				South Vietnam		1780	1799
1008	geacron/1007	1007				Soviet Union		1940	1945
1009	geacron/1008	1008				Spain		1500	1519
1010	geacron/1009	1009				Spain		1520	1539
1011	geacron/1010	1010				Spain		1540	1599
1012	geacron/1011	1011				Spain		1600	1659
1013	geacron/1012	1012				Spain		1660	1719
1014	geacron/1013	1013				Spain		1720	1739
1015	geacron/1014	1014				Spain		1740	1799
1016	geacron/1015	1015		371		Spain		1760	1779
1017	geacron/1016	1016		1099		Spain		1780	1799
1018	geacron/1017	1017				Spain		1800	1819
1019	geacron/1018	1018				Spain		1820	1945
1020	geacron/1019	1019		871		St Tome and Principe		1500	1519
1021	geacron/1020	1020		876		St Tome and Principe		1520	1945
1022	geacron/1021	1021		1011		St Tome and Principe		1600	1659
1023	geacron/1022	1022				Sulu		1500	1639
1024	geacron/1023	1023				Sulu		1640	1859
1025	geacron/1024	1024				Sulu		1860	1899
1026	geacron/1025	1025				Sunda		1500	1539
1027	geacron/1026	1026				Sunda		1540	1579
1028	geacron/1027	1027				Surakarta		1760	1839
1029	geacron/1028	1028				Suri		1540	1559
1030	geacron/1029	1029		1099		Surinam		1620	1799
1031	geacron/1030	1030		723		Surinam		1680	1819
1032	geacron/1031	1031		1100		Surinam		1800	1819
1033	geacron/1032	1032		726		Surinam		1820	1945
1034	geacron/1033	1033				Swazi		1800	1899
1035	geacron/1034	1034		1103		Swaziland		1920	1945
1036	geacron/1035	1035				Sweden		1540	1579
1037	geacron/1036	1036				Sweden		1580	1619
1038	geacron/1037	1037				Sweden		1620	1639
1039	geacron/1038	1038				Sweden		1640	1659
1040	geacron/1039	1039				Sweden		1660	1679
1041	geacron/1040	1040				Sweden		1680	1719
1042	geacron/1041	1041				Sweden		1720	1739
1043	geacron/1042	1042				Sweden		1740	1759
1044	geacron/1043	1043				Sweden		1760	1819
1045	geacron/1044	1044				Sweden		1820	1919
1046	geacron/1045	1045				Sweden		1920	1945
1047	geacron/1046	1046				Switzerland		1660	1799
1048	geacron/1047	1047				Switzerland		1800	1819
1049	geacron/1048	1048				Switzerland		1820	1945
1050	geacron/1049	1049		376		Syria		1920	1939
1051	geacron/1050	1050		376		Syria		1940	1945
1052	geacron/1051	1051		1011		Taiwan		1640	1659
1053	geacron/1052	1052		723		Taiwan		1640	1679
1054	geacron/1053	1053		274		Taiwan		1700	1899
1055	geacron/1054	1054		515		Taiwan		1900	1945
1056	geacron/1055	1055				Tangier		1940	1945
1057	geacron/1056	1056				Tanjore		1660	1699
1058	geacron/1057	1057		390		Tanzania		1900	1919
1059	geacron/1058	1058				Tashkent		1500	1519
1060	geacron/1059	1059		1102		Tasmania		1820	1919
1061	geacron/1060	1060		83		Tasmania		1920	1945
1062	geacron/1061	1061				Taungoo		1500	1539
1063	geacron/1062	1062				Ternate		1500	1559
1064	geacron/1063	1063				Ternate		1560	1579
1065	geacron/1064	1064				Ternate		1580	1659
1066	geacron/1065	1065				Ternate		1660	1679
1067	geacron/1066	1066				Teutonic Knights		1500	1579
1068	geacron/1067	1067				Texas		1840	1859
1069	geacron/1068	1068				Tibet		1500	1619
1070	geacron/1069	1069				Tibet		1620	1659
1071	geacron/1070	1070				Tibet		1660	1719
1072	geacron/1071	1071				Tidore		1500	1659
1073	geacron/1072	1072				Tidore		1660	1679
1074	geacron/1073	1073				Timurid		1500	1519
1075	geacron/1074	1074				Timurid		1520	1539
1076	geacron/1075	1075				Tippu Tip		1880	1899
1077	geacron/1076	1076				Tlaxcala		1500	1539
1078	geacron/1077	1077				Tlemcen		1500	1539
1079	geacron/1078	1078				Tlemcen		1540	1559
1080	geacron/1079	1079		390		Togo		1900	1919
1081	geacron/1080	1080				Tonga		1860	1919
1082	geacron/1081	1081		1102		Tonga		1920	1945
1083	geacron/1082	1082				Toucouleur		1880	1899
1084	geacron/1083	1083				Transvaal		1860	1899
1085	geacron/1084	1084				Transvaal		1900	1919
1086	geacron/1085	1085				Travancore		1760	1819
1087	geacron/1086	1086		1013		Trinidad and Tobago		1540	1799
1088	geacron/1087	1087		1102		Trinidad and Tobago		1800	1945
1089	geacron/1088	1088				Tungning		1680	1699
1090	geacron/1089	1089				Turkey		1940	1945
1091	geacron/1090	1090				Tuscany		1580	1659
1092	geacron/1091	1091				Tuscany		1660	1819
1093	geacron/1092	1092				Tuscany		1820	1859
1094	geacron/1093	1093				Tuscany		1860	1879
1095	geacron/1094	1094				Tututepec		1500	1539
1096	geacron/1095	1095				Tuva		1940	1945
1097	geacron/1096	1096		1103		Tuvalu		1900	1945
1098	geacron/1097	1097				Ukraine		1920	1945
1099	geacron/1098	1098				United Kingdom		1620	1719
1100	geacron/1099	1099				United Kingdom		1720	1799
1101	geacron/1100	1100				United Kingdom		1800	1819
1102	geacron/1101	1101				United Kingdom		1820	1839
1103	geacron/1102	1102				United Kingdom		1840	1939
1104	geacron/1103	1103				United Kingdom		1940	1945
1105	geacron/1104	1104				United States		1800	1819
1106	geacron/1105	1105				United States		1820	1859
1107	geacron/1106	1106				United States		1860	1879
1108	geacron/1107	1107				United States		1880	1899
1109	geacron/1108	1108				United States		1900	1945
1110	geacron/1109	1109		875		Uruguay		1700	1739
1111	geacron/1110	1110				Uruguay		1840	1859
1112	geacron/1111	1111				Uruguay		1860	1945
1113	geacron/1112	1112				Venezuela		1840	1899
1114	geacron/1113	1113				Venezuela		1900	1945
1115	geacron/1114	1114				Venice		1500	1519
1116	geacron/1115	1115				Venice		1520	1659
1117	geacron/1116	1116				Venice		1660	1679
1118	geacron/1117	1117				Venice		1680	1699
1119	geacron/1118	1118				Venice		1700	1719
1120	geacron/1119	1119				Venice		1720	1799
1121	geacron/1120	1120				Vientiane		1720	1779
1122	geacron/1121	1121				Vietnam		1500	1679
1123	geacron/1122	1122				Vietnam		1680	1799
1124	geacron/1123	1123				Vietnam		1800	1879
1125	geacron/1124	1124				Vietnam		1880	1899
1126	geacron/1125	1125				Vijayanagara		1500	1519
1127	geacron/1126	1126				Vijayanagara		1520	1539
1128	geacron/1127	1127				Vijayanagara		1540	1559
1129	geacron/1128	1128				Vijayanagara		1560	1579
1130	geacron/1129	1129				Vijayanagara		1580	1659
1131	geacron/1130	1130		1098		Virginia		1620	1659
1132	geacron/1131	1131		315		Virgin Islands		1680	1919
1133	geacron/1132	1132		1108		Virgin Islands		1920	1945
1134	geacron/1133	1133				Wattassid		1500	1559
1135	geacron/1134	1134		373		West Africa		1800	1859
1136	geacron/1135	1135		374		West Africa		1860	1879
1137	geacron/1136	1136		375		West Africa		1880	1899
1138	geacron/1137	1137		375		West Africa		1900	1919
1139	geacron/1138	1138		376		West Africa		1920	1945
1140	geacron/1139	1139				West Germany		1880	1945
1141	geacron/1140	1140		1018		West Sahara		1900	1919
1142	geacron/1141	1141		1018		West Sahara		1920	1945
1143	geacron/1142	1142				Wolof		1500	1559
1144	geacron/1143	1143				Wurtemburg		1660	1819
1145	geacron/1144	1144				Wurtemburg		1820	1879
1146	geacron/1145	1145				Yeke		1880	1899
1147	geacron/1146	1146				Yemen		1500	1639
1148	geacron/1147	1147				Yemen		1640	1919
1149	geacron/1148	1148				Yemen		1920	1939
1150	geacron/1149	1149				Yemen		1940	1945
1151	geacron/1150	1150				Yogyakarta		1760	1839
1152	geacron/1151	1151				Yopitzinco		1500	1539
1153	geacron/1152	1152				Yugoslavia		1920	1945
1154	geacron/1153	1153				Zand		1760	1799
1155	geacron/1154	1154				Zanzibar		1500	1879
1156	geacron/1155	1155		873		Zanzibar		1520	1679
1157	geacron/1156	1156		1011		Zanzibar		1600	1659
1158	geacron/1157	1157		749		Zanzibar		1680	1699
1159	geacron/1158	1158		749		Zanzibar		1700	1879
1160	geacron/1159	1159				Zanzibar		1880	1899
1161	geacron/1160	1160				Zimbabwe		1540	1639
1162	geacron/1161	1161				Zimbabwe		1640	1759
1163	geacron/1162	1162				Zulu		1820	1879
1164	geacron/1163	1163				Zunghar		1620	1699
1165	geacron/1164	1164				Zunghar		1700	1719
1166	geacron/1165	1165				Zunghar		1720	1739
1167	geacron/1166	1166				Zunghar		1740	1759
1168	cshapes/1406	1406	328	1654	Guyana	Guyana	Guyana	1966	2012
1169	cshapes/1407	1407	68	1654	Bolivia (Plurinational State of)	Bolivia	Bolivia, Plurinational State Of	1946	2012
1170	cshapes/1408	1408	76	1654	Brazil	Brazil	Brazil	1960	2012
1171	cshapes/1409	1409	152	1654	Chile	Chile	Chile	1946	2012
1172	cshapes/1410	1410	218	1654	Ecuador	Ecuador	Ecuador	1946	2012
1173	cshapes/1411	1411	740	1654	Suriname	Suriname	Suriname	1975	2012
1174	cshapes/1412	1412	780	1654	Trinidad and Tobago	Trinidad and Tobago	Trinidad And Tobago	1962	2012
1175	cshapes/1413	1413	862	1654	Venezuela (Bolivarian Republic of)	Venezuela	Venezuela, Bolivarian Republic Of	1946	2012
1176	cshapes/1414	1414	882	1656	Samoa	Samoa	Samoa	1976	2012
1177	cshapes/1415	1415	776	1656	Tonga	Tonga	Tonga	1999	2012
1178	cshapes/1416	1416	32	1654	Argentina	Argentina	Argentina	1946	2012
1179	cshapes/1417	1417	600	1654	Paraguay	Paraguay	Paraguay	1946	2012
1180	cshapes/1418	1418	604	1654	Peru	Peru	Peru	1946	2012
1181	cshapes/1419	1419	858	1654	Uruguay	Uruguay	Uruguay	1946	2012
1182	cshapes/1420	1420				Canada		1946	2012
1183	cshapes/1421	1421	84	1654	Belize	Belize	Belize	1981	2012
1184	cshapes/1422	1422	170	1654	Colombia	Colombia	Colombia	1946	2012
1185	cshapes/1423	1423	320	1654	Guatemala	Guatemala	Guatemala	1946	2012
1186	cshapes/1424	1424	484	1654	Mexico	Mexico	Mexico	1946	2012
1187	cshapes/1425	1425	52	1654	Barbados	Barbados	Barbados	1966	2012
1188	cshapes/1426	1426	212	1654	Dominica	Dominica	Dominica	1978	2012
1189	cshapes/1427	1427	308	1654	Grenada	Grenada	Grenada	1974	2012
1190	cshapes/1428	1428	662	1654	Saint Lucia	St. Lucia	Saint Lucia	1979	2012
1191	cshapes/1429	1429	670	1654	Saint Vincent and the Grenadines	St. Vincent and the Grenadines	Saint Vincent And The Grenadines	1979	2012
1192	cshapes/1430	1430	659	1654	Saint Kitts and Nevis	St. Kitts and Nevis	Saint Kitts And Nevis	1983	2012
1193	cshapes/1431	1431	352	1658	Iceland	Iceland	Iceland	1946	2012
1194	cshapes/1432	1432	372	1658	Ireland	Ireland	Ireland	1946	2012
1195	cshapes/1433	1433	214	1654	Dominican Republic	Dominican Republic	Dominican Republic	1946	2012
1196	cshapes/1434	1434	826	1658	United Kingdom of Great Britain and Northern Ireland	United Kingdom	United Kingdom	1946	2012
1197	cshapes/1435	1435	807	1652	The former Yugoslav Republic of Macedonia	Macedonia	Macedonia, The Former Yugoslav Republic Of	1993	2012
1198	cshapes/1436	1436	332	1654	Haiti	Haiti	Haiti	1946	2012
1199	cshapes/1437	1437	388	1654	Jamaica	Jamaica	Jamaica	1962	2012
1200	cshapes/1438	1438	44	1654	Bahamas	Bahamas	Bahamas	1973	2012
1201	cshapes/1439	1439	188	1654	Costa Rica	Costa Rica	Costa Rica	1946	2012
1202	cshapes/1440	1440	192	1654	Cuba	Cuba	Cuba	1946	2012
1203	cshapes/1441	1441	222	1654	El Salvador	El Salvador	El Salvador	1946	2012
1204	cshapes/1442	1442	470	1658	Malta	Malta	Malta	1964	2012
1205	cshapes/1443	1443	674	1658	San Marino	San Marino	San Marino	1992	2012
1206	cshapes/1444	1444	340	1654	Honduras	Honduras	Honduras	1946	2012
1207	cshapes/1445	1445	804	1652	Ukraine	Ukraine	Ukraine	1991	2012
1208	cshapes/1446	1446	558	1654	Nicaragua	Nicaragua	Nicaragua	1946	2012
1209	cshapes/1447	1447	132	1657	Cape Verde	Cape Verde	Cape Verde	1975	2012
1210	cshapes/1448	1448	384	1657	Cote d'Ivoire	Cote d'Ivoire	Cote D'ivoire	1960	2012
1211	cshapes/1449	1449	591	1654	Panama	Panama	Panama	1946	2012
1212	cshapes/1450	1450	28	1654	Antigua and Barbuda	Antigua and Barbuda	Antigua And Barbuda	1981	2012
1213	cshapes/1451	1451	288	1657	Ghana	Ghana	Ghana	1957	2012
1214	cshapes/1452	1452	462	1656	Maldives	Maldives	Maldives	1965	2012
1215	cshapes/1453	1453	430	1657	Liberia	Liberia	Liberia	1946	2012
1216	cshapes/1454	1454	694	1657	Sierra Leone	Sierra Leone	Sierra Leone	1961	2012
1217	cshapes/1455	1455		1655		Morocco		1956	2012
1218	cshapes/1456	1456	620	1658	Portugal	Portugal	Portugal	1946	2012
1219	cshapes/1457	1457	724	1658	Spain	Spain	Spain	1946	2012
1220	cshapes/1458	1458	854	1657	Burkina Faso	Burkina Faso	Burkina Faso	1960	2012
1221	cshapes/1459	1459	492	1658	Monaco	Monaco	Monaco	1993	2012
1222	cshapes/1460	1460	48	1655	Bahrain	Bahrain	Bahrain	1971	2012
1223	cshapes/1461	1461	364	1655	Iran (Islamic Republic of)	Iran	Iran, Islamic Republic Of	1946	2012
1224	cshapes/1462	1462	324	1657	Guinea	Guinea	Guinea	1958	2012
1225	cshapes/1463	1463	624	1657	Guinea-Bissau	Guinea-Bissau	Guinea-bissau	1974	2012
1226	cshapes/1464	1464	466	1657	Mali	Mali	Mali	1960	2012
1227	cshapes/1465	1465	226	1657	Equatorial Guinea	Equatorial Guinea	Equatorial Guinea	1968	2012
1228	cshapes/1466	1466		1657		Mauritania		1960	1976
1229	cshapes/1467	1467	686	1657	Senegal	Senegal	Senegal	1960	2012
1230	cshapes/1468	1468	270	1657	Gambia	The Gambia	Gambia	1965	2012
1231	cshapes/1469	1469	262	1657	Djibouti	Djibouti	Djibouti	1977	2012
1232	cshapes/1470	1470	296	1656	Kiribati	Kiribati	Kiribati	1999	2012
1233	cshapes/1471	1471	232	1657	Eritrea	Eritrea	Eritrea	1993	2012
1234	cshapes/1472	1472	231	1657	Ethiopia	Ethiopia	Ethiopia	1993	2012
1235	cshapes/1473	1473	496	1653	Mongolia	Mongolia	Mongolia	1946	2012
1236	cshapes/1474	1474		1655		Sudan		1956	2012
1237	cshapes/1475	1475	368	1655	Iraq	Iraq	Iraq	1946	2012
1238	cshapes/1476	1476	414	1655	Kuwait	Kuwait	Kuwait	1961	2012
1239	cshapes/1477	1477		1655		Israel		1948	1967
1240	cshapes/1478	1478	400	1655	Jordan	Jordan	Jordan	1946	2012
1241	cshapes/1479	1479	398	1652	Kazakhstan	Kazakhstan	Kazakhstan	1991	2012
1242	cshapes/1480	1480	578	1658	Norway	Norway	Norway	1946	2012
1243	cshapes/1481	1481	643	1652	Russian Federation	Russia	Russian Federation	1991	2012
1244	cshapes/1482	1482	752	1658	Sweden	Sweden	Sweden	1946	2012
1245	cshapes/1483	1483	12	1655	Algeria	Algeria	Algeria	1962	2012
1246	cshapes/1484	1484	20	1658	Andorra	Andorra	Andorra	1993	2012
1247	cshapes/1485	1485	120	1657	Cameroon	Cameroon	Cameroon	1961	2012
1248	cshapes/1486	1486	140	1657	Central African Republic	Central African Republic	Central African Republic	1960	2012
1249	cshapes/1487	1487		1655		Libya		1951	1972
1250	cshapes/1488	1488	788	1655	Tunisia	Tunisia	Tunisia	1956	2012
1251	cshapes/1489	1489	204	1657	Benin	Benin	Benin	1960	2012
1252	cshapes/1490	1490	768	1657	Togo	Togo	Togo	1960	2012
1253	cshapes/1491	1491		1657		Chad		1960	1972
1254	cshapes/1492	1492	562	1657	Niger	Niger	Niger	1960	2012
1255	cshapes/1493	1493	566	1657	Nigeria	Nigeria	Nigeria	1961	2012
1256	cshapes/1494	1494	678	1657	Sao Tome and Principe	Sao Tome and Principe	Sao Tome And Principe	1975	2012
1257	cshapes/1495	1495	8	1652	Albania	Albania	Albania	1946	2012
1258	cshapes/1496	1496	70	1652	Bosnia and Herzegovina	Bosnia and Herzegovina	Bosnia And Herzegovina	1992	2012
1259	cshapes/1497	1497	191	1652	Croatia	Croatia	Croatia	1992	2012
1260	cshapes/1498	1498	380	1658	Italy	Italy	Italy	1946	2012
1261	cshapes/1499	1499	100	1652	Bulgaria	Bulgaria	Bulgaria	1946	2012
1262	cshapes/1500	1500	196	1655	Cyprus	Cyprus	Cyprus	1960	2012
1263	cshapes/1501	1501				Egypt		1946	1958
1264	cshapes/1502	1502	268	1652	Georgia	Georgia	Georgia	1991	2012
1265	cshapes/1503	1503	300	1658	Greece	Greece	Greece	1946	2012
1266	cshapes/1504	1504	422	1655	Lebanon	Lebanon	Lebanon	1946	2012
1267	cshapes/1505	1505		1655		Syria		1946	1958
1268	cshapes/1506	1506	792	1655	Turkey	Turkey	Turkey	1946	2012
1269	cshapes/1507	1507	634	1655	Qatar	Qatar	Qatar	1971	2012
1270	cshapes/1508	1508	682	1655	Saudi Arabia	Saudi Arabia	Saudi Arabia	2000	2012
1271	cshapes/1509	1509	40	1658	Austria	Austria	Austria	1955	2012
1272	cshapes/1510	1510	203	1652	Czech Republic	Czech Republic	Czech Republic	1993	2012
1273	cshapes/1511	1511	208	1658	Denmark	Denmark	Denmark	1946	2012
1274	cshapes/1512	1512	108	1657	Burundi	Burundi	Burundi	1962	2012
1275	cshapes/1513	1513	348	1652	Hungary	Hungary	Hungary	1946	2012
1276	cshapes/1514	1514	616	1652	Poland	Poland	Poland	1946	2012
1277	cshapes/1515	1515	646	1657	Rwanda	Rwanda	Rwanda	1962	2012
1278	cshapes/1516	1516	894	1657	Zambia	Zambia	Zambia	1964	2012
1279	cshapes/1517	1517	703	1652	Slovakia	Slovakia	Slovakia	1993	2012
1280	cshapes/1518	1518	705	1652	Slovenia	Slovenia	Slovenia	1992	2012
1281	cshapes/1519	1519	56	1658	Belgium	Belgium	Belgium	1946	2012
1282	cshapes/1520	1520	250	1658	France	France	France	1946	2012
1283	cshapes/1521	1521	438	1658	Liechtenstein	Liechtenstein	Liechtenstein	1990	2012
1284	cshapes/1522	1522	442	1658	Luxembourg	Luxembourg	Luxembourg	1946	2012
1285	cshapes/1523	1523	528	1658	Netherlands	Netherlands	Netherlands	1946	2012
1286	cshapes/1524	1524	426	1657	Lesotho	Lesotho	Lesotho	1966	2012
1287	cshapes/1525	1525	756	1658	Switzerland	Switzerland	Switzerland	1946	2012
1288	cshapes/1526	1526	178	1657	Congo	Congo	Congo, Republic Of	1960	2012
1289	cshapes/1527	1527	180	1657	Democratic Republic of the Congo	Congo, DRC	Congo, The Democratic Republic Of	1960	2012
1290	cshapes/1528	1528	112	1652	Belarus	Belarus	Belarus	1991	2012
1291	cshapes/1529	1529	233	1652	Estonia	Estonia	Estonia	1991	2012
1292	cshapes/1530	1530	246	1658	Finland	Finland	Finland	1946	2012
1293	cshapes/1531	1531	516	1657	Namibia	Namibia	Namibia	1990	2012
1294	cshapes/1532	1532	554	1659	New Zealand	New Zealand	New Zealand	1946	2012
1295	cshapes/1533	1533	428	1652	Latvia	Latvia	Latvia	1991	2012
1296	cshapes/1534	1534	450	1657	Madagascar	Madagascar	Madagascar	1960	2012
1297	cshapes/1535	1535	480	1657	Mauritius	Mauritius	Mauritius	1968	2012
1298	cshapes/1536	1536	690	1657	Seychelles	Seychelles	Seychelles	1976	2012
1299	cshapes/1537	1537		1656		Indonesia		1949	1963
1300	cshapes/1538	1538	440	1652	Lithuania	Lithuania	Lithuania	1991	2012
1301	cshapes/1539	1539	498	1652	Republic of Moldova	Moldova	Moldova, Republic Of	1991	2012
1302	cshapes/1540	1540	642	1652	Romania	Romania	Romania	1946	2012
1303	cshapes/1541	1541	512	1655	Oman	Oman	Oman	1971	2012
1304	cshapes/1542	1542	706	1657	Somalia	Somalia	Somalia	1960	2012
1305	cshapes/1543	1543	144	1656	Sri Lanka	Sri Lanka	Sri Lanka	1948	2012
1306	cshapes/1544	1544	795	1652	Turkmenistan	Turkmenistan	Turkmenistan	1991	2012
1307	cshapes/1545	1545	860	1652	Uzbekistan	Uzbekistan	Uzbekistan	1991	2012
1308	cshapes/1546	1546	626	1656	Timor-Leste	Timor Leste	Timor-leste	2002	2012
1309	cshapes/1547	1547	887	1655	Yemen	Yemen	Yemen	2000	2012
1310	cshapes/1548	1548	36	1659	Australia	Australia	Australia	1946	2012
1311	cshapes/1549	1549	520	1656	Nauru	Nauru	Nauru	1999	2012
1312	cshapes/1550	1550	598	1656	Papua New Guinea	Papua New Guinea	Papua New Guinea	1975	2012
1313	cshapes/1551	1551	90	1656	Solomon Islands	Solomon Is.	Solomon Islands	1978	2012
1314	cshapes/1552	1552	798	1656	Tuvalu	Tuvalu	Tuvalu	2000	2012
1315	cshapes/1553	1553	51	1652	Armenia	Armenia	Armenia	1991	2012
1316	cshapes/1554	1554	784	1655	United Arab Emirates	United Arab Emirates	United Arab Emirates	1971	2012
1317	cshapes/1555	1555	4	1656	Afghanistan	Afghanistan	Afghanistan	1946	2012
1318	cshapes/1556	1556	417	1652	Kyrgyzstan	Kyrgyzstan	Kyrgyzstan	1991	2012
1319	cshapes/1557	1557				USSR		1946	1991
1320	cshapes/1558	1558	31	1652	Azerbaijan	Azerbaijan	Azerbaijan	1991	2012
1321	cshapes/1559	1559	410	1653	Republic of Korea	South Korea	Korea, Republic Of	1949	2012
1322	cshapes/1560	1560	524	1656	Nepal	Nepal	Nepal	1946	2012
1323	cshapes/1561	1561	586	1656	Pakistan	Pakistan	Pakistan	1971	2012
1324	cshapes/1562	1562	762	1652	Tajikistan	Tajikistan	Tajikistan	1991	2012
1325	cshapes/1563	1563	50	1656	Bangladesh	Bangladesh	Bangladesh	1971	2012
1326	cshapes/1564	1564	584	1656	Marshall Islands	Marshall Is.	Marshall Islands	1991	2012
1327	cshapes/1565	1565	64	1656	Bhutan	Bhutan	Bhutan	1971	2012
1328	cshapes/1566	1566	96	1656	Brunei Darussalam	Brunei	Brunei Darussalam	1984	2012
1329	cshapes/1567	1567		1653		China		1946	1949
1330	cshapes/1568	1568	392	1653	Japan	Japan	Japan	1952	2012
1331	cshapes/1569	1569	583	1656	Micronesia (Federated States of)	Micronesia	Micronesia, Federated States Of	1991	2012
1332	cshapes/1570	1570	408	1653	Democratic People's Republic of Korea	North Korea	Korea, Democratic People's Republic Of	1948	2012
1333	cshapes/1571	1571	585	1656	Palau	Palau	Palau	1994	2012
1334	cshapes/1572	1572	608	1656	Philippines	Philippines	Philippines	1946	2012
1335	cshapes/1573	1573	116	1656	Cambodia	Cambodia	Cambodia	1953	2012
1336	cshapes/1574	1574	418	1656	Lao People's Democratic Republic	Laos	Lao People's Democratic Republic	1953	2012
1337	cshapes/1575	1575	104	1656	Myanmar	Myanmar	Myanmar	1948	2012
1338	cshapes/1576	1576	764	1656	Thailand	Thailand	Thailand	1946	2012
1339	cshapes/1577	1577	704	1656	Viet Nam	Vietnam	Vietnam	1975	2012
1340	cshapes/1578	1578	72	1657	Botswana	Botswana	Botswana	1966	2012
1341	cshapes/1579	1579	716	1657	Zimbabwe	Zimbabwe	Zimbabwe	1965	2012
1342	cshapes/1580	1580	174	1657	Comoros	Comoros	Comoros	1975	2012
1343	cshapes/1581	1581	454	1657	Malawi	Malawi	Malawi	1964	2012
1344	cshapes/1582	1582	508	1657	Mozambique	Mozambique	Mozambique	1975	2012
1345	cshapes/1583	1583	710	1657	South Africa	South Africa	South Africa	1990	2012
1346	cshapes/1584	1584	748	1657	Swaziland	Swaziland	Swaziland	1968	2012
1347	cshapes/1585	1585	24	1657	Angola	Angola	Angola	1975	2012
1348	cshapes/1586	1586	242	1656	Fiji	Fiji	Fiji	1970	2012
1349	cshapes/1587	1587				Zanzibar		1963	1964
1350	cshapes/1588	1588		1657		Ethiopia		1946	1993
1351	cshapes/1589	1589		1657		South Africa		1946	1990
1352	cshapes/1590	1590				Egypt		1961	1967
1353	cshapes/1591	1591	266	1657	Gabon	Gabon	Gabon	1960	2012
1354	cshapes/1592	1592	548	1656	Vanuatu	Vanuatu	Vanuatu	1981	2012
1355	cshapes/1593	1593	124	1659	Canada	Canada	Canada	1948	2012
1356	cshapes/1594	1594	276	1658	Germany	Germany	Germany	1990	2012
1357	cshapes/1595	1595		1657		Cameroon		1960	1961
1358	cshapes/1596	1596		1657		Nigeria		1960	1961
1359	cshapes/1597	1597	434	1655	Libya	Libya	Libyan Arab Jamahiriya	1973	2012
1360	cshapes/1598	1598		1658		Germany Federal Republic		1955	1990
1361	cshapes/1599	1599				Germany Democratic Republic		1954	1990
1362	cshapes/1600	1600	376	1655	Israel	Israel	Israel	1979	2012
1363	cshapes/1601	1601				Czechoslovakia		1946	1992
1364	cshapes/1602	1602				Yugoslavia		1946	1992
1365	cshapes/1603	1603		1655		Syria		1961	1967
1366	cshapes/1604	1604				Egypt (United Arab Republic)		1958	1961
1367	cshapes/1605	1605		1655		Yemen Arab Republic		1946	1990
1368	cshapes/1606	1606				Yemen People's Republic		1967	1990
1369	cshapes/1607	1607	158	1653	Taiwan	Taiwan	Taiwan, Province Of China	1949	2012
1370	cshapes/1608	1608	156	1653	China	China	China	1949	2012
1371	cshapes/1609	1609		1656		Pakistan		1949	1971
1372	cshapes/1610	1610		1656		Republic of Vietnam		1954	1975
1373	cshapes/1611	1611				Vietnam		1954	1975
1374	cshapes/1612	1612		1656		Malaysia		1963	1965
1375	cshapes/1613	1613				Kosovo		2008	2012
1376	cshapes/1614	1614		1656		Malaysia		1957	1963
1377	cshapes/1615	1615	458	1656	Malaysia	Malaysia	Malaysia	1965	2012
1378	cshapes/1616	1616	702	1656	Singapore	Singapore	Singapore	1965	2012
1379	cshapes/1617	1617		1656		Indonesia		1963	1976
1380	cshapes/1618	1618		1656		Indonesia		1976	2002
1381	cshapes/1619	1619	360	1656	Indonesia	Indonesia	Indonesia	2002	2012
1382	cshapes/1620	1620				Mali Federation		1960	1960
1383	cshapes/1621	1621	148	1657	Chad	Chad	Chad	1973	2012
1384	cshapes/1622	1622		1655		Morocco		1958	1976
1385	cshapes/1623	1623		1655		Morocco		1976	1979
1386	cshapes/1624	1624		1657		Mauritania		1976	1979
1387	cshapes/1625	1625		1655		Israel		1967	1979
1388	cshapes/1626	1626	760	1655	Syrian Arab Republic	Syria	Syrian Arab Republic	1967	2012
1389	cshapes/1627	1627		1655		Egypt		1967	1979
1390	cshapes/1628	1628	818	1655	Egypt	Egypt	Egypt	1979	2012
1391	cshapes/1629	1629	356	1656	India	India	India	1949	2012
1392	cshapes/1630	1630		1656		Pakistan		1947	1948
1393	cshapes/1631	1631		1656		India		1947	1948
1394	cshapes/1632	1632				Yugoslavia		1992	1992
1395	cshapes/1633	1633				Serbia and Montenegro		1993	2006
1396	cshapes/1634	1634				USSR		1991	1991
1397	cshapes/1635	1635				Yugoslavia		1992	1993
1398	cshapes/1636	1636		1652		Serbia		2006	2008
1399	cshapes/1637	1637	499	1652	Montenegro	Montenegro	Montenegro	2006	2012
1400	cshapes/1638	1638	688	1652	Serbia	Serbia	Serbia	2008	2012
1401	cshapes/1639	1639	840	1659	United States of America	United States	United States	1946	2012
1402	cshapes/1640	1640	800	1657	Uganda	Uganda	Uganda	1962	2012
1403	cshapes/1641	1641		1657		Tanzania		1964	1996
1404	cshapes/1642	1642	404	1657	Kenya	Kenya	Kenya	1963	2012
1405	cshapes/1643	1643		1657		Tanzania		1961	1964
1406	cshapes/1644	1644		1655		Saudi Arabia		1946	2000
1407	cshapes/1645	1645		1655		Yemen		1990	2000
1408	cshapes/1646	1646		1654		Brazil		1946	1960
1409	cshapes/1647	1647	834	1657	United Republic of Tanzania	Tanzania	Tanzania, United Republic Of	1996	2012
1410	cshapes/1648	1648	504	1655	Morocco	Morocco	Morocco	1979	2012
1411	cshapes/1649	1649	478	1657	Mauritania	Mauritania	Mauritania	1979	2012
1412	cshapes/1650	1650	729	1655	Sudan (North)	Sudan	Sudan (north)	2011	2012
1413	cshapes/1651	1651	728	1655	South Sudan	South Sudan	South Sudan	2011	2012
